{"cameraMode":{"drawMode":0,"name":"Shaded","section":"Shading Mode"},"sceneLighting":true,"audioPlay":false,"sceneViewState":{"showFog":false,"showMaterialUpdate":false,"showSkybox":false,"showFlares":false,"showImageEffects":false,"showParticleSystems":false},"in2DMode":false,"pivot":{"x":8.229119300842286,"y":-4.823597431182861,"z":-13.028651237487793},"rotation":{"x":-0.029898308217525483,"y":-0.9681715369224548,"z":0.1421874612569809,"w":-0.20391716063022614},"size":11.855507850646973,"orthographic":false}